INSERT INTO DEPARTMENT (DEPARTMENT_ID, DEPARTMENT_NAME, DEPARTMENT_BUDGET) values (1, 'Engineering', 5000000);
INSERT INTO DEPARTMENT (DEPARTMENT_ID, DEPARTMENT_NAME, DEPARTMENT_BUDGET) values (2, 'DevOps', 2500000);
INSERT INTO DEPARTMENT (DEPARTMENT_ID, DEPARTMENT_NAME, DEPARTMENT_BUDGET) values (3, 'DBA', 2500000);

INSERT INTO EMPLOYEE (EMPLOYEE_ID,DEPARTMENT_ID,MANAGER_ID, EMPLOYEE_NAME, EMPLOYEE_EMAIL, EMPLOYEE_SALARY, DATE_OF_JOINING) values (1, 1, null, 'Prem', 'kulkarniprem04@gmail.com', 800000, '2022-07-18');
INSERT INTO EMPLOYEE (EMPLOYEE_ID,DEPARTMENT_ID,MANAGER_ID, EMPLOYEE_NAME, EMPLOYEE_EMAIL, EMPLOYEE_SALARY, DATE_OF_JOINING) values (2, 1, 1, 'Preetam', 'kulkarnipreetamm04@gmail.com', 800000, '2022-07-18');
INSERT INTO EMPLOYEE (EMPLOYEE_ID,DEPARTMENT_ID,MANAGER_ID, EMPLOYEE_NAME, EMPLOYEE_EMAIL, EMPLOYEE_SALARY, DATE_OF_JOINING) values (3, 1, 1, 'Prateek', 'kulkarniprateek04@gmail.com', 800000, '2022-07-18');
INSERT INTO EMPLOYEE (EMPLOYEE_ID,DEPARTMENT_ID,MANAGER_ID, EMPLOYEE_NAME, EMPLOYEE_EMAIL, EMPLOYEE_SALARY, DATE_OF_JOINING) values (4, 2, null, 'Joey', 'kulkarnijoey04@gmail.com', 800000, '2022-07-18');
INSERT INTO EMPLOYEE (EMPLOYEE_ID,DEPARTMENT_ID,MANAGER_ID, EMPLOYEE_NAME, EMPLOYEE_EMAIL, EMPLOYEE_SALARY, DATE_OF_JOINING) values (5, 2, 4, 'Sheetal', 'kulkarnijsheetal04@gmail.com', 800000, '2022-07-18');
INSERT INTO EMPLOYEE (EMPLOYEE_ID,DEPARTMENT_ID,MANAGER_ID, EMPLOYEE_NAME, EMPLOYEE_EMAIL, EMPLOYEE_SALARY, DATE_OF_JOINING) values (6, 2, 4, 'Harshal', 'harshal123@gmail.com', 800000, '2022-07-18');



INSERT INTO PERFORMANCE_REVIEW (ID, EMPLOYEE_ID, SCORE, REVIEW_DATE, REVIEW_COMMENTS) values (1, 1, 80, '2025-06-02', 'NO COMMENTS');
INSERT INTO PERFORMANCE_REVIEW (ID, EMPLOYEE_ID, SCORE, REVIEW_DATE, REVIEW_COMMENTS) values (2, 1, 90, '2025-01-02', 'NO COMMENTS');
INSERT INTO PERFORMANCE_REVIEW (ID, EMPLOYEE_ID, SCORE, REVIEW_DATE, REVIEW_COMMENTS) values (3, 1, 70, '2025-03-02', 'NO COMMENTS');
INSERT INTO PERFORMANCE_REVIEW (ID, EMPLOYEE_ID, SCORE, REVIEW_DATE, REVIEW_COMMENTS) values (4, 1, 100, '2024-12-02', 'NO COMMENTS');
INSERT INTO PERFORMANCE_REVIEW (ID, EMPLOYEE_ID, SCORE, REVIEW_DATE, REVIEW_COMMENTS) values (5, 2, 50, '2025-06-01', 'NO COMMENTS');
INSERT INTO PERFORMANCE_REVIEW (ID, EMPLOYEE_ID, SCORE, REVIEW_DATE, REVIEW_COMMENTS) values (6, 3, 35, '2025-06-02', 'NO COMMENTS');


INSERT INTO PROJECT (PROJECT_ID, DEPARTMENT_ID, NAME, START_DATE, END_DATE) values (1, 1, 'PRISMA', '2020-06-01', '2026-06-01');
INSERT INTO PROJECT (PROJECT_ID, DEPARTMENT_ID, NAME, START_DATE, END_DATE) values (2, 1, 'SPECTRA', '2000-06-01', '2015-06-01');


INSERT INTO EMPLOYEE_PROJECT(EMPLOYEE_PROJECT_ID, EMPLOYEE_ID, PROJECT_ID) values (1, 1, 1);
INSERT INTO EMPLOYEE_PROJECT(EMPLOYEE_PROJECT_ID, EMPLOYEE_ID, PROJECT_ID) values (2, 1, 2);
INSERT INTO EMPLOYEE_PROJECT(EMPLOYEE_PROJECT_ID, EMPLOYEE_ID, PROJECT_ID) values (3, 2, 2);
INSERT INTO EMPLOYEE_PROJECT(EMPLOYEE_PROJECT_ID, EMPLOYEE_ID, PROJECT_ID) values (4, 2, 1);
INSERT INTO EMPLOYEE_PROJECT(EMPLOYEE_PROJECT_ID, EMPLOYEE_ID, PROJECT_ID) values (5, 3, 1);
